<?xml version='1.0' encoding='utf-8' standalone='yes' ?>
<thermal-brightness-config>
    <thermal-condition-item>
        <identifier>0</identifier>
        <description>Default</description>
        <lux-temperature-pair>
            <min-inclusive>0</min-inclusive>
            <max-exclusive>5500</max-exclusive>
            <temperature-brightness-pair>
                <min-inclusive>36</min-inclusive>
                <max-exclusive>38</max-exclusive>
                <nit>600</nit>
            </temperature-brightness-pair>
            <temperature-brightness-pair>
                <min-inclusive>38</min-inclusive>
                <max-exclusive>40</max-exclusive>
                <nit>500</nit>
            </temperature-brightness-pair>
            <temperature-brightness-pair>
                <min-inclusive>40</min-inclusive>
                <max-exclusive>42</max-exclusive>
                <nit>400</nit>
            </temperature-brightness-pair>
            <temperature-brightness-pair>
                <min-inclusive>42</min-inclusive>
                <max-exclusive>45</max-exclusive>
                <nit>250</nit>
            </temperature-brightness-pair>
            <temperature-brightness-pair>
                <min-inclusive>45</min-inclusive>
                <max-exclusive>100</max-exclusive>
                <nit>160</nit>
            </temperature-brightness-pair>
        </lux-temperature-pair>
        <lux-temperature-pair>
            <min-inclusive>5500</min-inclusive>
            <max-exclusive>20000</max-exclusive>
            <temperature-brightness-pair>
                <min-inclusive>36</min-inclusive>
                <max-exclusive>38</max-exclusive>
                <nit>1000</nit>
            </temperature-brightness-pair>
            <temperature-brightness-pair>
                <min-inclusive>38</min-inclusive>
                <max-exclusive>40</max-exclusive>
                <nit>600</nit>
            </temperature-brightness-pair>
            <temperature-brightness-pair>
                <min-inclusive>40</min-inclusive>
                <max-exclusive>42</max-exclusive>
                <nit>500</nit>
            </temperature-brightness-pair>
            <temperature-brightness-pair>
                <min-inclusive>42</min-inclusive>
                <max-exclusive>45</max-exclusive>
                <nit>300</nit>
            </temperature-brightness-pair>
            <temperature-brightness-pair>
                <min-inclusive>45</min-inclusive>
                <max-exclusive>100</max-exclusive>
                <nit>200</nit>
            </temperature-brightness-pair>
        </lux-temperature-pair>
        <lux-temperature-pair>
            <min-inclusive>20000</min-inclusive>
            <max-exclusive>50000</max-exclusive>
            <temperature-brightness-pair>
                <min-inclusive>36</min-inclusive>
                <max-exclusive>38</max-exclusive>
                <nit>1000</nit>
            </temperature-brightness-pair>
            <temperature-brightness-pair>
                <min-inclusive>38</min-inclusive>
                <max-exclusive>40</max-exclusive>
                <nit>800</nit>
            </temperature-brightness-pair>
            <temperature-brightness-pair>
                <min-inclusive>40</min-inclusive>
                <max-exclusive>42</max-exclusive>
                <nit>500</nit>
            </temperature-brightness-pair>
            <temperature-brightness-pair>
                <min-inclusive>42</min-inclusive>
                <max-exclusive>100</max-exclusive>
                <nit>360</nit>
            </temperature-brightness-pair>
        </lux-temperature-pair>
        <lux-temperature-pair>
            <min-inclusive>50000</min-inclusive>
            <max-exclusive>2000000</max-exclusive>
            <temperature-brightness-pair>
                <min-inclusive>38</min-inclusive>
                <max-exclusive>40</max-exclusive>
                <nit>1000</nit>
            </temperature-brightness-pair>
            <temperature-brightness-pair>
                <min-inclusive>40</min-inclusive>
                <max-exclusive>42</max-exclusive>
                <nit>600</nit>
            </temperature-brightness-pair>
            <temperature-brightness-pair>
                <min-inclusive>42</min-inclusive>
                <max-exclusive>44</max-exclusive>
                <nit>400</nit>
            </temperature-brightness-pair>
            <temperature-brightness-pair>
                <min-inclusive>44</min-inclusive>
                <max-exclusive>100</max-exclusive>
                <nit>360</nit>
            </temperature-brightness-pair>
        </lux-temperature-pair>
    </thermal-condition-item>
    <thermal-condition-item>
        <identifier>20</identifier>
        <description>YUANSHEN</description>
        <lux-temperature-pair>
            <min-inclusive>0</min-inclusive>
            <max-exclusive>2000000</max-exclusive>
            <temperature-brightness-pair>
                <min-inclusive>37</min-inclusive>
                <max-exclusive>39</max-exclusive>
                <nit>700</nit>
            </temperature-brightness-pair>
            <temperature-brightness-pair>
                <min-inclusive>39</min-inclusive>
                <max-exclusive>41</max-exclusive>
                <nit>500</nit>
            </temperature-brightness-pair>
            <temperature-brightness-pair>
                <min-inclusive>41</min-inclusive>
                <max-exclusive>43</max-exclusive>
                <nit>400</nit>
            </temperature-brightness-pair>
            <temperature-brightness-pair>
                <min-inclusive>43</min-inclusive>
                <max-exclusive>100</max-exclusive>
                <nit>360</nit>
            </temperature-brightness-pair>
        </lux-temperature-pair>
    </thermal-condition-item>
    <thermal-condition-item>
        <identifier>25</identifier>
        <description>XINGTIE</description>
        <lux-temperature-pair>
            <min-inclusive>0</min-inclusive>
            <max-exclusive>2000000</max-exclusive>
            <temperature-brightness-pair>
                <min-inclusive>37</min-inclusive>
                <max-exclusive>39</max-exclusive>
                <nit>700</nit>
            </temperature-brightness-pair>
            <temperature-brightness-pair>
                <min-inclusive>39</min-inclusive>
                <max-exclusive>41</max-exclusive>
                <nit>500</nit>
            </temperature-brightness-pair>
            <temperature-brightness-pair>
                <min-inclusive>41</min-inclusive>
                <max-exclusive>43</max-exclusive>
                <nit>400</nit>
            </temperature-brightness-pair>
            <temperature-brightness-pair>
                <min-inclusive>43</min-inclusive>
                <max-exclusive>100</max-exclusive>
                <nit>360</nit>
            </temperature-brightness-pair>
        </lux-temperature-pair>
    </thermal-condition-item>
    <thermal-condition-item>
        <identifier>700</identifier>
        <description>CGAME</description>
        <lux-temperature-pair>
            <min-inclusive>0</min-inclusive>
            <max-exclusive>2000000</max-exclusive>
            <temperature-brightness-pair>
                <min-inclusive>15</min-inclusive>
                <max-exclusive>40</max-exclusive>
                <nit>600</nit>
            </temperature-brightness-pair>
            <temperature-brightness-pair>
                <min-inclusive>40</min-inclusive>
                <max-exclusive>43</max-exclusive>
                <nit>400</nit>
            </temperature-brightness-pair>
            <temperature-brightness-pair>
                <min-inclusive>43</min-inclusive>
                <max-exclusive>46</max-exclusive>
                <nit>250</nit>
            </temperature-brightness-pair>
            <temperature-brightness-pair>
                <min-inclusive>46</min-inclusive>
                <max-exclusive>100</max-exclusive>
                <nit>160</nit>
            </temperature-brightness-pair>
        </lux-temperature-pair>
    </thermal-condition-item>
    <thermal-condition-item>
        <identifier>800</identifier>
        <description>CGAME-UNFOLD</description>
        <lux-temperature-pair>
            <min-inclusive>0</min-inclusive>
            <max-exclusive>2000000</max-exclusive>
            <temperature-brightness-pair>
                <min-inclusive>15</min-inclusive>
                <max-exclusive>40</max-exclusive>
                <nit>600</nit>
            </temperature-brightness-pair>
            <temperature-brightness-pair>
                <min-inclusive>40</min-inclusive>
                <max-exclusive>43</max-exclusive>
                <nit>400</nit>
            </temperature-brightness-pair>
            <temperature-brightness-pair>
                <min-inclusive>43</min-inclusive>
                <max-exclusive>46</max-exclusive>
                <nit>250</nit>
            </temperature-brightness-pair>
            <temperature-brightness-pair>
                <min-inclusive>46</min-inclusive>
                <max-exclusive>100</max-exclusive>
                <nit>160</nit>
            </temperature-brightness-pair>
        </lux-temperature-pair>
    </thermal-condition-item>
    <thermal-condition-item>
        <identifier>-2</identifier>
        <description>DOLBY-VISION</description>
        <lux-temperature-pair>
            <min-inclusive>0</min-inclusive>
            <max-exclusive>5500</max-exclusive>
            <temperature-brightness-pair>
                <min-inclusive>39</min-inclusive>
                <max-exclusive>41</max-exclusive>
                <nit>700</nit>
            </temperature-brightness-pair>
            <temperature-brightness-pair>
                <min-inclusive>41</min-inclusive>
                <max-exclusive>43</max-exclusive>
                <nit>500</nit>
            </temperature-brightness-pair>
            <temperature-brightness-pair>
                <min-inclusive>43</min-inclusive>
                <max-exclusive>45</max-exclusive>
                <nit>400</nit>
            </temperature-brightness-pair>
            <temperature-brightness-pair>
                <min-inclusive>45</min-inclusive>
                <max-exclusive>47</max-exclusive>
                <nit>250</nit>
            </temperature-brightness-pair>
            <temperature-brightness-pair>
                <min-inclusive>47</min-inclusive>
                <max-exclusive>100</max-exclusive>
                <nit>160</nit>
            </temperature-brightness-pair>
        </lux-temperature-pair>
        <lux-temperature-pair>
            <min-inclusive>5500</min-inclusive>
            <max-exclusive>20000</max-exclusive>
            <temperature-brightness-pair>
                <min-inclusive>40</min-inclusive>
                <max-exclusive>42</max-exclusive>
                <nit>700</nit>
            </temperature-brightness-pair>
            <temperature-brightness-pair>
                <min-inclusive>42</min-inclusive>
                <max-exclusive>44</max-exclusive>
                <nit>500</nit>
            </temperature-brightness-pair>
            <temperature-brightness-pair>
                <min-inclusive>44</min-inclusive>
                <max-exclusive>46</max-exclusive>
                <nit>400</nit>
            </temperature-brightness-pair>
            <temperature-brightness-pair>
                <min-inclusive>46</min-inclusive>
                <max-exclusive>49</max-exclusive>
                <nit>250</nit>
            </temperature-brightness-pair>
            <temperature-brightness-pair>
                <min-inclusive>49</min-inclusive>
                <max-exclusive>100</max-exclusive>
                <nit>160</nit>
            </temperature-brightness-pair>
        </lux-temperature-pair>
        <lux-temperature-pair>
            <min-inclusive>20000</min-inclusive>
            <max-exclusive>2000000</max-exclusive>
            <temperature-brightness-pair>
                <min-inclusive>41</min-inclusive>
                <max-exclusive>43</max-exclusive>
                <nit>800</nit>
            </temperature-brightness-pair>
            <temperature-brightness-pair>
                <min-inclusive>43</min-inclusive>
                <max-exclusive>45</max-exclusive>
                <nit>500</nit>
            </temperature-brightness-pair>
            <temperature-brightness-pair>
                <min-inclusive>45</min-inclusive>
                <max-exclusive>47</max-exclusive>
                <nit>400</nit>
            </temperature-brightness-pair>
            <temperature-brightness-pair>
                <min-inclusive>47</min-inclusive>
                <max-exclusive>100</max-exclusive>
                <nit>360</nit>
            </temperature-brightness-pair>
        </lux-temperature-pair>
    </thermal-condition-item>
    <thermal-condition-item>
        <identifier>-3</identifier>
        <description>NTC</description>
        <lux-temperature-pair>
            <min-inclusive>0</min-inclusive>
            <max-exclusive>2000000</max-exclusive>
            <temperature-brightness-pair>
                <min-inclusive>47</min-inclusive>
                <max-exclusive>51</max-exclusive>
                <nit>1200</nit>
            </temperature-brightness-pair>
            <temperature-brightness-pair>
                <min-inclusive>51</min-inclusive>
                <max-exclusive>100</max-exclusive>
                <nit>1000</nit>
            </temperature-brightness-pair>
        </lux-temperature-pair>
    </thermal-condition-item>
</thermal-brightness-config>
