<?xml version="1.0" encoding="UTF-8" ?>
<display-config>
    <rhythmic_app_category_list>
        <rhythmic_app_category_image>
            <item>com.miui.gallery</item>
            <item>com.android.camera</item>
            <item>com.miui.mediaeditor</item>
            <item>com.kwai.video</item>
            <item>com.camerasideas.instashot</item>
            <item>com.picsart.studio</item>
            <item>com.linecorp.b612.android</item>
            <item>com.frontrow.vlog</item>
            <item>com.nexstreaming.app.kinemasterfree</item>
            <item>com.videoeditorpro.android</item>
            <item>com.camerasideas.trimmer</item>
            <item>com.campmobile.snow</item>
            <item>com.mt.mtxx.mtxx</item>
            <item>com.meitu.meiyancamera</item>
            <item>photocollage.photoeditor.collagemaker</item>
            <item>com.xvideostudio.videoeditor</item>
            <item>com.cyberlink.youperfect</item>
            <item>com.vsco.cam</item>
            <item>com.cyberlink.youcammakeup</item>
            <item>com.yunyi.smartcamera</item>
            <item>com.mxtech.videoplayer.ad</item>
            <item>com.snaptube.premium</item>
            <item>com.playit.videoplayer</item>
            <item>com.nemo.vidmate</item>
            <item>com.kwai.bulldog</item>
            <item>com.miui.video</item>
            <item>free.tube.premium.advanced.tuber</item>
            <item>com.biomes.vanced</item>
            <item>com.ss.android.ugc.aweme</item>
            <item>com.yoosee</item>
            <item>video.downloader.videodownloader</item>
            <item>com.funnypuri.client</item>
            <item>com.tencent.qqlivei18n</item>
            <item>tv.danmaku.bili</item>
            <item>com.smile.gifmaker</item>
            <item>com.iqiyi.i18n</item>
            <item>com.miui.mediaviewer</item>
            <item>com.kuaishou.nebula</item>
            <item>fm.castbox.audiobook.radio.podcast</item>
            <item>com.kmplayer</item>
            <item>com.roblox.client</item>
            <item>com.ea.gp.fifamobile</item>
            <item>com.kiloo.subwaysurf</item>
            <item>com.mojang.minecraftpe</item>
            <item>com.tocaboca.tocalifeworld</item>
            <item>com.playrix.gardenscapes</item>
            <item>com.nianticlabs.pokemongo</item>
            <item>com.outfit7.mytalkingtomfree</item>
            <item>com.skgames.trafficrider</item>
            <item>com.outfit7.mytalkingangelafree</item>
            <item>com.king.farmheroessaga</item>
            <item>com.imangi.templerun2</item>
            <item>com.supercell.hayday</item>
            <item>com.firsttouchgames.dls3</item>
            <item>com.outfit7.talkingtom</item>
            <item>com.ea.game.pvz2_row</item>
            <item>com.robtopx.geometryjump</item>
            <item>com.maxgames.stickwarlegacy</item>
            <item>com.firsttouchgames.story</item>
            <item>eu.nordeus.topeleven.android</item>
            <item>com.gorgeous.lite</item>
            <item>com.xt.retouch</item>
            <item>com.kwai.m2u</item>
            <item>com.campmobile.snowcamera</item>
            <item>com.lemon.faceu</item>
            <item>com.benqu.wuta</item>
            <item>com.qiyi.video</item>
            <item>com.tencent.qqlive</item>
            <item>com.youku.phone</item>
            <item>com.ss.android.ugc.aweme.lite</item>
            <item>com.ss.android.ugc.live</item>
            <item>com.ss.android.article.video</item>
            <item>com.tencent.tmgp.sgame</item>
            <item>com.tencent.lolm</item>
            <item>com.tencent.tmgp.pubgmhd</item>
            <item>com.happyelements.AndroidAnimal</item>
            <item>com.miHoYo.ys.mi</item>
            <item>com.netease.sky.mi</item>
            <item>com.minitech.miniworld.TMobile.mi</item>
            <item>com.qqgame.hlddz</item>
            <item>cn.jj</item>
            <item>com.qqgame.happymj</item>
            <item>com.tencent.tmgp.cod</item>
            <item>com.google.android.apps.photos</item>
            <item>com.google.android.apps.nbu.files</item>
            <item>org.videolan.vlc</item>
            <item>com.google.android.youtube</item>
            <item>com.netflix.mediaclient</item>
            <item>com.amazon.avod.thirdpartyclient</item>
            <item>in.startv.hotstar</item>
            <item>com.gameloft.android.ANMP.GloftA9HM</item>
            <item>com.activision.callofduty.shooter</item>
            <item>com.pubg.imobile</item>
            <item>com.supercell.clashroyale</item>
            <item>com.supercell.clashofclans</item>
            <item>com.ludo.king</item>
            <item>com.miHoYo.GenshinImpact</item>
            <item>com.nextwave.wcc3</item>
            <item>com.King.candycrushsaga</item>
        </rhythmic_app_category_image>
        <rhythmic_app_category_read>
            <item>com.mi.android.globalFileexplorer</item>
            <item>com.android.fileexplorer</item>
            <item>com.dragon.read</item>
            <item>com.kmxs.reader</item>
            <item>com.tencent.weread</item>
            <item>com.shuqi.controller</item>
            <item>com.lechuan.mdwz</item>
            <item>com.qq.reader</item>
            <item>com.qidian.QDReader</item>
            <item>com.chaozh.iReaderFree</item>
            <item>com.duokan.free</item>
            <item>com.duokan.reader</item>
            <item>com.naver.linewebtoon</item>
            <item>mobi.mangatoon.novel</item>
            <item>org.geometerplus.zlibrary.ui.android</item>
            <item>com.dreame.reader</item>
            <item>com.babycenter.pregnancytracker</item>
            <item>com.suenovela.reader</item>
            <item>com.xs.fm</item>
            <item>com.changdu.spainreader</item>
            <item>com.aynovel.vixs</item>
            <item>com.ilike.cartoon</item>
            <item>com.fictionpress.fanfiction</item>
            <item>org.rbc.odb</item>
            <item>com.changdu.ereader</item>
            <item>com.mobisystems.ubreader_west</item>
            <item>com.jjwxc.reader</item>
            <item>com.amazon.kindle</item>
            <item>com.google.android.apps.books</item>
            <item>com.kobobooks.android</item>
            <item>com.audible.application</item>
            <item>com.flyersoft.moonreader</item>
            <item>com.obreey.reader</item>
            <item>com.adobe.reader</item>
        </rhythmic_app_category_read>
    </rhythmic_app_category_list>
</display-config>